Event,Ardn_time[ms],ADC[0-1023],SiPM[mV],Deadtime[ms],Temp[C]
517,676828,195,33.17,2646,24.44
518,677496,486,135.98,2651,24.44
519,677729,280,48.67,2657,24.44
520,678756,463,119.23,2663,24.44
521,680158,206,35.07,2669,24.44
522,682174,238,40.82,2674,24.44
523,684556,355,68.3,2680,24.44
524,685260,399,87.3,2685,24.44
525,685267,435,104.92,2690,24.44
526,685588,127,24.18,2695,24.44
527,685711,245,42.08,2700,24.44
528,686009,177,30.25,2706,24.44
529,686887,511,149.39,2711,24.44
530,686985,423,97.36,2716,24.44
531,688150,192,32.67,2721,24.44
532,690611,377,76.28,2726,24.44
533,692710,371,73.82,2731,24.44
534,692939,312,55.68,2736,24.44
535,693313,527,155.96,2741,24.44
536,694978,409,91.12,2747,24.44
537,696356,195,33.17,2752,24.44
538,696980,448,112.41,2757,24.44
539,701120,198,33.69,2762,24.44
540,703834,335,61.77,2767,24.44
541,704079,364,71.71,2772,24.44
542,704424,449,112.05,2777,24.44
543,705080,348,65.64,2782,24.44
544,706398,448,112.41,2787,24.44
545,706506,176,30.09,2792,24.44
546,707558,266,46,2797,24.44
547,709069,207,35.26,2803,24.44
548,710661,110,22.78,2808,24.44
549,712128,359,69.86,2813,24.44
550,712414,326,59.13,2818,24.44
551,714687,78,19.92,2823,24.44
552,715168,207,35.26,2828,24.44
553,715400,51,15.86,2833,24.44
554,717285,189,32.16,2838,24.44
555,720914,271,46.93,2843,24.44
556,721218,448,112.41,2849,24.44
557,722800,448,112.41,2854,24.44
558,723883,327,59.28,2859,24.44
559,723938,177,30.25,2864,24.44
560,724985,441,109.77,2869,24.44
561,725040,370,73.62,2874,24.44
562,725281,153,26.9,2879,24.44
563,725713,243,41.74,2884,24.44
564,726990,113,23.02,2890,24.44
565,727639,108,22.63,2895,24.44
566,728904,270,46.71,2900,24.44
567,729363,300,52.79,2906,24.44
568,731126,210,35.78,2911,24.44
569,731290,337,62.3,2916,24.44
570,733805,127,24.18,2921,24.44
571,733948,600,203.87,2926,24.44
572,734995,435,104.92,2931,24.44
573,739699,307,54.48,2936,24.44
574,740253,252,43.42,2941,24.44
575,741321,281,48.9,2947,24.44
576,743078,240,41.21,2953,24.44
577,750345,451,113.08,2959,24.44
578,751480,275,47.73,2964,24.44
579,758429,51,15.86,2970,24.44
580,758811,390,82.7,2975,24.44
581,758931,189,32.16,2980,24.44
582,759835,423,97.36,2985,24.44
583,760802,245,42.08,2990,24.44
584,761008,670,272.62,2996,24.44
585,761783,270,46.71,3001,24.44
586,763563,345,64.98,3007,24.66
587,765734,60,17.43,3012,24.44
588,767136,115,23.18,3018,24.44
589,767420,110,22.78,3023,24.44
590,768721,316,56.81,3028,24.44
591,768836,145,25.96,3033,24.44
592,769884,120,23.58,3039,24.44
593,770103,391,82.35,3045,24.44
594,770541,211,35.96,3050,24.44
595,771737,454,115.28,3055,24.44
596,771771,542,168.67,3061,24.44
597,775693,316,56.81,3067,24.44
598,776599,263,45.37,3072,24.44
599,777427,352,66.89,3078,24.44
600,777628,236,40.44,3083,24.44
601,778597,254,43.77,3089,24.44
602,779338,368,72.93,3094,24.44
603,782500,428,101.58,3099,24.44
604,782912,455,117.03,3104,24.44
605,785200,268,46.26,3109,24.44
606,791705,323,58.48,3115,24.44
607,792894,455,117.03,3120,24.44
608,793172,53,16.22,3125,24.44
609,793745,522,154.94,3130,24.44
610,794140,313,56.02,3136,24.44
611,796823,281,48.9,3141,24.44
612,799610,284,49.41,3147,24.44
613,799803,286,49.78,3152,24.44
614,801210,238,40.82,3157,24.44
615,803380,90,21.14,3163,24.44
616,806531,371,73.82,3168,24.44
617,806592,335,61.77,3173,24.44
618,806725,159,27.66,3178,24.44
619,807429,284,49.41,3183,24.44
620,808471,71,19.06,3188,24.44
621,811332,384,80.08,3193,24.44
622,814808,51,15.86,3198,24.44
623,815022,463,119.23,3203,24.44
624,816733,319,57.64,3208,24.44
625,816825,341,63.69,3213,24.44
626,818278,275,47.73,3218,24.44
627,821718,334,61.44,3224,24.44
628,826634,57,16.93,3229,24.44
629,828301,147,26.19,3234,24.44
630,828722,295,51.75,3239,24.44
631,831582,227,38.83,3244,24.44
632,831657,280,48.67,3249,24.44
633,832226,152,26.78,3255,24.44
634,834065,249,42.85,3260,24.44
635,834456,231,39.55,3266,24.44
636,835863,440,109.25,3271,24.44
637,835952,241,41.39,3276,24.44
638,836527,252,43.42,3282,24.44
639,836596,327,59.28,3288,24.44
640,836749,252,43.42,3293,24.44
641,838912,227,38.83,3299,24.44
642,839497,348,65.64,3304,24.44
643,839930,71,19.06,3309,24.44
644,840370,57,16.93,3314,24.44
645,840650,313,56.02,3319,24.44
646,840833,465,122.12,3324,24.44
647,842875,142,25.64,3329,24.44
648,843545,271,46.93,3334,24.44
649,843923,152,26.78,3340,24.44
650,846529,455,117.03,3345,24.44
651,846728,313,56.02,3350,24.44
652,847571,163,28.2,3355,24.44
653,848164,463,119.23,3360,24.44
654,848668,287,50.23,3366,24.44
655,855044,156,27.28,3371,24.44
656,857612,229,39.22,3376,24.44
657,857834,385,80.11,3381,24.44
658,859381,291,50.97,3386,24.44
659,861037,327,59.28,3391,24.44
660,861116,301,53.09,3396,24.44
661,861190,357,68.97,3401,24.44
662,862321,376,76.43,3406,24.44
663,863548,193,32.84,3411,24.44
664,864768,455,117.03,3416,24.44
665,868206,295,51.75,3421,24.44
666,871630,377,76.28,3426,24.44
667,871687,67,18.51,3431,24.44
668,873198,303,53.47,3437,24.44
669,874447,88,20.96,3442,24.44
670,876320,243,41.74,3447,24.44
671,876632,51,15.86,3453,24.44
672,876986,157,27.4,3458,24.44
673,877637,568,189.84,3463,24.44
674,880247,82,20.36,3469,24.44
675,881093,455,117.03,3474,24.44
676,881289,205,34.91,3479,24.44
677,881847,121,23.66,3484,24.44
678,885464,326,59.13,3490,24.44
679,885730,271,46.93,3495,24.44
680,887776,295,51.75,3501,24.44
681,891581,174,29.79,3506,24.44
682,893181,135,24.92,3511,24.44
683,897463,460,119.54,3517,24.44
684,898231,127,24.18,3523,24.44
685,899559,318,57.28,3528,24.44
686,900843,176,30.09,3533,24.44
687,900962,163,28.2,3538,24.44
688,901017,454,115.28,3543,24.44
689,901685,334,61.44,3548,24.44
690,902633,455,117.03,3553,24.44
691,903924,163,28.2,3558,24.44
692,904049,192,32.67,3563,24.44
693,904222,780,538.09,3568,24.44
694,904651,316,56.81,3573,24.44
695,907767,255,43.96,3578,24.44
696,909529,426,100.89,3583,24.44
697,913104,307,54.48,3588,24.44
698,913844,353,67.64,3593,24.44
699,914227,396,85.28,3598,24.44
700,915313,188,32.01,3603,24.44
701,916199,99,21.91,3608,24.44
702,918122,312,55.68,3613,24.44
703,918156,204,34.73,3618,24.44
704,918508,319,57.64,3623,24.44
705,922245,231,39.55,3628,24.44
706,922637,460,119.54,3633,24.44
707,926164,71,19.06,3638,24.44
708,927091,273,47.25,3643,24.44
709,927868,241,41.39,3649,24.44
710,928485,560,175.34,3655,24.44
711,928944,245,42.08,3661,24.44
712,929679,153,26.9,3667,24.44
713,930276,359,69.86,3672,24.44
714,930791,51,15.86,3677,24.44
715,933230,384,80.08,3682,24.44
716,933314,408,90.57,3687,24.44
717,934077,156,27.28,3692,24.44
718,936463,312,55.68,3697,24.44
719,938072,361,70.62,3702,24.44
720,938339,307,54.48,3707,24.44
721,942820,124,23.92,3712,24.44
722,944299,419,97.2,3718,24.44
723,944447,57,16.93,3723,24.44
724,944577,433,104.37,3728,24.44
725,950410,355,68.3,3733,24.44
726,951537,455,117.03,3738,24.44
727,951839,444,109.09,3743,24.44
728,956665,318,57.28,3748,24.44
729,958262,448,112.41,3753,24.44
730,959712,157,27.4,3758,24.44
731,960264,305,53.88,3763,24.44
732,960370,262,45.24,3768,24.44
733,961032,227,38.83,3774,24.44
734,961059,177,30.25,3779,24.44
735,963796,460,119.54,3784,24.44
736,965603,185,31.51,3789,24.44
737,966003,460,119.54,3794,24.44
738,967794,344,64.67,3800,24.44
739,967995,62,17.75,3805,24.44
740,968787,255,43.96,3811,24.44
741,969008,335,61.77,3816,24.44
742,974574,63,17.91,3821,24.44
743,976651,231,39.55,3827,24.44
744,976834,184,31.36,3832,24.44
745,976863,435,104.92,3837,24.44
746,977830,156,27.28,3842,24.44
747,980052,462,120.87,3847,24.44
748,980123,444,109.09,3852,24.44
749,980917,391,82.35,3857,24.44
750,984171,455,117.03,3862,24.44
751,984636,380,78.12,3867,24.44
752,985670,287,50.23,3872,24.44
753,985782,284,49.41,3877,24.44
754,986719,147,26.19,3882,24.44
755,987275,359,69.86,3887,24.44
756,987310,448,112.41,3892,24.44
757,987531,448,112.41,3898,24.44
758,987580,448,112.41,3903,24.44
759,989185,327,59.28,3908,24.44
760,990374,57,16.93,3913,24.44
761,991204,120,23.58,3918,24.44
762,991977,240,41.21,3924,24.44
763,993425,266,46,3930,24.44
764,993761,163,28.2,3936,24.44
765,995278,140,25.42,3941,24.44
766,995858,432,101.61,3947,24.44
767,999139,120,23.58,3952,24.44
768,999511,159,27.66,3958,24.44
769,1001686,51,15.86,3963,24.44
770,1001729,53,16.22,3968,24.44
771,1004673,408,90.57,3973,24.44
772,1005883,124,23.92,3978,24.44
773,1006359,186,31.68,3984,24.44
774,1006753,51,15.86,3989,24.66
775,1007032,344,64.67,3994,24.44
776,1008472,414,93.93,3999,24.44
777,1008497,216,36.85,4004,24.44
778,1008684,368,72.93,4009,24.44
779,1009577,166,28.62,4014,24.44
780,1011792,227,38.83,4020,24.44
781,1012566,270,46.71,4026,24.44
782,1014751,455,117.03,4032,24.44
783,1015587,335,61.77,4038,24.44
784,1019073,58,17.1,4043,24.44
785,1024795,287,50.23,4049,24.44
786,1026601,384,80.08,4055,24.44
787,1029267,143,25.74,4060,24.44
788,1029352,192,32.67,4066,24.44
789,1031016,412,92.93,4071,24.44
790,1031127,281,48.9,4076,24.44
791,1031554,227,38.83,4082,24.44
792,1033012,156,27.28,4088,24.44
793,1036120,142,25.64,4093,24.44
794,1037334,463,119.23,4099,24.44
795,1037587,326,59.13,4105,24.44
796,1041876,154,27.02,4111,24.44
797,1042785,210,35.78,4116,24.44
798,1043600,263,45.37,4121,24.44
799,1044390,89,21.05,4127,24.44
800,1045547,463,119.23,4132,24.44
801,1049851,344,64.67,4138,24.44
802,1051395,376,76.43,4143,24.44
803,1051411,216,36.85,4148,24.44
804,1053156,56,16.76,4153,24.44
805,1053201,143,25.74,4159,24.44
806,1053906,287,50.23,4165,24.44
807,1055245,455,117.03,4171,24.44
808,1060810,441,109.77,4177,24.44
809,1065472,274,47.52,4182,24.44
810,1065711,316,56.81,4188,24.44
811,1066125,376,76.43,4193,24.44
812,1066256,99,21.91,4198,24.44
813,1074085,249,42.85,4203,24.44
814,1075788,206,35.07,4209,24.44
815,1075862,135,24.92,4214,24.44
816,1076128,56,16.76,4220,24.44
817,1076818,195,33.17,4226,24.44
818,1079045,224,38.29,4231,24.44
819,1079329,364,71.71,4237,24.44
820,1080914,280,48.67,4242,24.44
821,1082585,295,51.75,4248,24.44
822,1082808,323,58.48,4254,24.44
823,1083586,368,72.93,4260,24.44
824,1083880,255,43.96,4265,24.44
825,1085221,192,32.67,4270,24.44
826,1085727,463,119.23,4275,24.44
827,1086359,195,33.17,4281,24.44
828,1086427,217,37.04,4286,24.44
829,1087504,473,126.29,4291,24.44
830,1087642,344,64.67,4297,24.44
831,1088032,147,26.19,4302,24.44
832,1090085,238,40.82,4308,24.44
833,1091175,243,41.74,4314,24.44
834,1091425,195,33.17,4320,24.44
835,1092193,188,32.01,4325,24.44
836,1092229,412,92.93,4330,24.44
837,1094994,319,57.64,4335,24.44
838,1095299,368,72.93,4340,24.44
839,1095399,131,24.54,4345,24.44
840,1095786,153,26.9,4351,24.44
841,1095937,460,119.54,4357,24.44
842,1099020,263,45.37,4363,24.44
843,1099220,112,22.94,4369,24.44
844,1099249,238,40.82,4375,24.44
845,1100288,441,109.77,4381,24.44
846,1102382,204,34.73,4386,24.44
847,1105080,419,97.2,4391,24.44
848,1105349,188,32.01,4396,24.44
849,1107956,216,36.85,4401,24.44
850,1108388,71,19.06,4406,24.44
851,1109671,300,52.79,4412,24.44
852,1109752,255,43.96,4418,24.44
853,1109967,270,46.71,4423,24.44
854,1110638,280,48.67,4429,24.44
855,1111102,188,32.01,4435,24.44
856,1113226,281,48.9,4440,24.44
857,1113598,105,22.39,4446,24.44
858,1113650,376,76.43,4451,24.44
859,1115454,120,23.58,4456,24.44
860,1118898,159,27.66,4462,24.44
861,1119275,364,71.71,4467,24.44
862,1119657,88,20.96,4472,24.44
863,1120113,121,23.66,4477,24.44
864,1120402,284,49.41,4483,24.44
865,1121462,176,30.09,4489,24.44
866,1122911,185,31.51,4494,24.44
867,1123836,348,65.64,4499,24.44
868,1124840,231,39.55,4504,24.44
869,1125024,263,45.37,4510,24.44
870,1125118,252,43.42,4516,24.44
871,1125128,147,26.19,4522,24.44
872,1125729,307,54.48,4528,24.44
873,1126640,103,22.23,4533,24.44
874,1127608,433,104.37,4538,24.44
875,1128700,121,23.66,4543,24.44
876,1129730,103,22.23,4549,24.44
877,1130200,159,27.66,4554,24.44
878,1130759,312,55.68,4559,24.44
879,1131410,444,109.09,4564,24.44
880,1131533,225,38.48,4569,24.44
881,1133282,440,109.25,4575,24.44
882,1134027,377,76.28,4580,24.44
883,1134357,240,41.21,4585,24.44
884,1136164,307,54.48,4591,24.44
885,1136546,448,112.41,4596,24.44
886,1137845,179,30.55,4602,24.44
887,1138831,319,57.64,4607,24.44
888,1143669,242,41.58,4612,24.44
889,1145923,71,19.06,4618,24.44
890,1151596,184,31.36,4624,24.44
891,1152080,216,36.85,4629,24.44
892,1154335,440,109.25,4634,24.44
893,1156560,339,62.98,4639,24.44
894,1156685,268,46.26,4644,24.44
895,1156964,384,80.08,4650,24.44
896,1159318,344,64.67,4655,24.44
897,1162025,527,155.96,4660,24.44
898,1166516,327,59.28,4666,24.44
899,1167159,143,25.74,4672,24.44
900,1168397,231,39.55,4678,24.44
901,1168499,97,21.75,4684,24.44
902,1168552,153,26.9,4689,24.44
903,1169021,167,28.76,4695,24.44
904,1169028,295,51.75,4700,24.44
905,1169449,194,33,4706,24.44
906,1169650,224,38.29,4711,24.44
907,1170584,287,50.23,4717,24.44
908,1171001,441,109.77,4723,24.44
909,1171159,236,40.44,4728,24.44
910,1171881,415,95,4734,24.44
911,1172421,184,31.36,4739,24.44
912,1172673,448,112.41,4744,24.44
913,1172970,268,46.26,4750,24.44
914,1173018,339,62.98,4756,24.44
915,1173346,235,40.29,4761,24.44
916,1174232,166,28.62,4767,24.44
917,1174960,195,33.17,4773,24.44
918,1179129,307,54.48,4778,24.44
919,1179513,412,92.93,4783,24.44
920,1179601,243,41.74,4788,24.44
921,1180672,173,29.64,4794,24.44
922,1180864,255,43.96,4799,24.44
923,1181204,88,20.96,4804,24.44
924,1181334,441,109.77,4809,24.44
925,1181494,225,38.48,4814,24.44
926,1182101,96,21.67,4820,24.44
927,1182511,331,60.51,4825,24.44
928,1184456,243,41.74,4830,24.44
929,1184467,224,38.29,4836,24.44
930,1185533,275,47.73,4842,24.44
931,1189039,88,20.96,4848,24.44
932,1189907,409,91.12,4853,24.44
933,1190301,57,16.93,4858,24.44
934,1190978,287,50.23,4864,24.44
935,1191705,462,120.87,4870,24.44
936,1193747,74,19.44,4876,24.44
937,1194319,143,25.74,4882,24.44
938,1195709,146,26.08,4888,24.44
939,1195790,359,69.86,4894,24.44
940,1197159,184,31.36,4899,24.44
941,1197306,365,71.38,4904,24.44
942,1197686,423,97.36,4909,24.44
943,1197870,236,40.44,4914,24.44
944,1200924,221,37.76,4920,24.44
945,1203828,254,43.77,4925,24.44
946,1204681,291,50.97,4931,24.44
947,1205282,275,47.73,4937,24.44
948,1205744,62,17.75,4943,24.44
949,1206890,327,59.28,4949,24.44
950,1208548,371,73.82,4955,24.44
951,1210201,163,28.2,4960,24.44
952,1210769,280,48.67,4966,24.44
953,1211723,460,119.54,4972,24.44
954,1215832,295,51.75,4978,24.44
955,1216114,71,19.06,4984,24.44
956,1216656,166,28.62,4990,24.44
957,1219497,440,109.25,4996,24.44
958,1220448,94,21.5,5001,24.44
959,1223054,167,28.76,5006,24.44
960,1223401,313,56.02,5011,24.44
961,1226908,319,57.64,5016,24.44
962,1227332,286,49.78,5021,24.44
963,1228067,460,119.54,5027,24.44
964,1229975,79,20.03,5033,24.44
965,1232401,114,23.1,5038,24.44
966,1232902,364,71.71,5044,24.44
967,1233808,89,21.05,5049,24.44
968,1234500,167,28.76,5054,24.44
969,1235234,220,37.58,5059,24.44
970,1235953,142,25.64,5064,24.44
971,1238265,51,15.86,5070,24.44
972,1238423,262,45.24,5075,24.44
973,1238549,96,21.67,5081,24.44
974,1238593,241,41.39,5086,24.44
975,1239721,450,114.31,5092,24.44
976,1242351,163,28.2,5098,24.44
977,1244199,287,50.23,5104,24.44
978,1248245,103,22.23,5110,24.44
979,1248455,284,49.41,5115,24.44
980,1250444,131,24.54,5121,24.44
981,1250691,318,57.28,5127,24.44
982,1252100,295,51.75,5132,24.44
983,1254360,455,117.03,5138,24.44
984,1255373,280,48.67,5144,24.44
985,1255383,428,101.58,5150,24.44
986,1256108,188,32.01,5155,24.44
987,1256442,449,112.05,5160,24.44
988,1256854,188,32.01,5165,24.44
989,1258699,463,119.23,5170,24.44
990,1259141,271,46.93,5176,24.44
991,1259835,313,56.02,5182,24.44
992,1260618,376,76.43,5187,24.44
993,1261393,177,30.25,5192,24.44
994,1261513,98,21.83,5197,24.44
995,1262913,305,53.88,5202,24.44
996,1262960,103,22.23,5208,24.44
997,1266425,56,16.76,5213,24.44
998,1267690,252,43.42,5219,24.44
999,1268347,287,50.23,5225,24.44
1000,1268938,307,54.48,5231,24.44
1001,1272549,467,121.56,5237,24.44
1002,1274417,241,41.39,5243,24.44
1003,1275120,376,76.43,5249,24.44
1004,1276920,335,61.77,5254,24.44
1005,1277611,236,40.44,5260,24.44
1006,1277757,270,46.71,5266,24.44
1007,1279130,295,51.75,5272,24.44
1008,1279641,112,22.94,5278,24.44
1009,1280059,152,26.78,5284,24.44
1010,1282508,467,121.56,5290,24.44
1011,1283992,352,66.89,5296,24.44
1012,1284172,451,113.08,5302,24.44
